"section","field","value"
"brief","mode","live"
"brief","marketId","9ArgG5SQf9T6QbVWEjNwpBpNkdPjNWNTNB15nkdivv15"
"brief","title","Will Arsenal beat Leeds United on October 10, 2026?"
"brief","description","Arsenal host Leeds United in Premier League Gameweek 6 on Saturday October 10, 2026 at the Emirates Stadium. Kick off is 12:30pm Lagos Time. This market resolves on the Full-time result only."
"brief","observedAt","2026-10-08T16:59:00.834Z"
"brief","generatedAt","2026-10-08T16:59:01.313Z"
"brief","stale","false"
"brief","phase","secondary"
"brief","yesQuoteUsdc","0.51684771"
"brief","noQuoteUsdc","0.48315229"
"brief","catalogueVolumeUsdc","318.036406"
"brief","endTime","2026-10-10T14:00:00.000Z"
"brief","scheduledResolution","2026-10-10T15:00:00.000Z"
"brief","observationStart","2026-10-08T16:47:55.132Z"
"brief","samples","20"
"brief","baselineAt","not provided"
"brief","yesDeltaPercentagePoints",""
"brief","tapeReadAt","2026-10-08T16:58:53.934Z"
"brief","tapeStale","false"
"note","1","An uninterrupted 10–15 minute comparison window is not available."
"note","2","API read time is not the last on-chain trade time or Panta’s internal update time."
"note","3","Catalogue volume is cumulative catalogue data; a 24-hour window is not specified."
"note","4","15 recent catalogue trade records were captured. This is a bounded tape, not full chain history."
"note","5","Share amounts and fees do not reconstruct historical prices or trade notional."
"note","6","This brief records observations. It does not explain why quotes moved or provide a model forecast."
"trade-1","id","2aa5e65b-eed9-4d25-bb47-f796f238a94b"
"trade-1","marketId","9ArgG5SQf9T6QbVWEjNwpBpNkdPjNWNTNB15nkdivv15"
"trade-1","wallet","Bji2jpKEYAphqJv9q3J8cXJPcnWLtamWD21zLSqHkE2z"
"trade-1","isPrimary","true"
"trade-1","yesAmount","0"
"trade-1","noAmount","109107348"
"trade-1","feePaid","0"
"trade-1","blockTime","2026-10-07T18:10:38.000Z"
"trade-1","signature","m1QnisbScx7SEbjX9qkwXBUmLtEZuCYQ2hL92EY9Vupm6yWuUBP5iAeP9xbixWpvBhCcfL8S8u6FZuMrUiJVuLP"
"trade-1","quoteAsset","usdc"
"trade-1","explorerUrl","https://solscan.io/tx/m1QnisbScx7SEbjX9qkwXBUmLtEZuCYQ2hL92EY9Vupm6yWuUBP5iAeP9xbixWpvBhCcfL8S8u6FZuMrUiJVuLP"
"trade-2","id","1cdcc3f3-84a0-4b56-bba0-165d819c0ce1"
"trade-2","marketId","9ArgG5SQf9T6QbVWEjNwpBpNkdPjNWNTNB15nkdivv15"
"trade-2","wallet","Bji2jpKEYAphqJv9q3J8cXJPcnWLtamWD21zLSqHkE2z"
"trade-2","isPrimary","true"
"trade-2","yesAmount","109148759"
"trade-2","noAmount","0"
"trade-2","feePaid","0"
"trade-2","blockTime","2026-10-07T18:10:37.000Z"
"trade-2","signature","3foCKUN2K2vUWzMrbdQCGKkZw76rVFuKdqSWVFkFMmMBGGFGDRNpVPEHvhMbsLVN71DPcS3qdo8VEcaKcvBeyfRr"
"trade-2","quoteAsset","usdc"
"trade-2","explorerUrl","https://solscan.io/tx/3foCKUN2K2vUWzMrbdQCGKkZw76rVFuKdqSWVFkFMmMBGGFGDRNpVPEHvhMbsLVN71DPcS3qdo8VEcaKcvBeyfRr"
"trade-3","id","c7f49888-3c5a-44d3-bf54-485ebe4a67ec"
"trade-3","marketId","9ArgG5SQf9T6QbVWEjNwpBpNkdPjNWNTNB15nkdivv15"
"trade-3","wallet","Bji2jpKEYAphqJv9q3J8cXJPcnWLtamWD21zLSqHkE2z"
"trade-3","isPrimary","true"
"trade-3","yesAmount","0"
"trade-3","noAmount","65601833"
"trade-3","feePaid","0"
"trade-3","blockTime","2026-10-07T18:10:36.000Z"
"trade-3","signature","3fmEyngWNgYRvHyrnD4vfq8Aw8C6E3LVJE7XakZbsSRcW2pmEDJfawFzpvxWL9293q4enLrMK3YP1arXemKqAVXW"
"trade-3","quoteAsset","usdc"
"trade-3","explorerUrl","https://solscan.io/tx/3fmEyngWNgYRvHyrnD4vfq8Aw8C6E3LVJE7XakZbsSRcW2pmEDJfawFzpvxWL9293q4enLrMK3YP1arXemKqAVXW"
"trade-4","id","5a20c2bd-09bf-469f-bccd-665611fd19ee"
"trade-4","marketId","9ArgG5SQf9T6QbVWEjNwpBpNkdPjNWNTNB15nkdivv15"
"trade-4","wallet","Bji2jpKEYAphqJv9q3J8cXJPcnWLtamWD21zLSqHkE2z"
"trade-4","isPrimary","true"
"trade-4","yesAmount","65613097"
"trade-4","noAmount","0"
"trade-4","feePaid","0"
"trade-4","blockTime","2026-10-07T18:10:35.000Z"
"trade-4","signature","3gPuYSGtnFWT6YSkMaqnk4YUKpWq6XcTkRGPUxdBhqvdxWvec5fL4ymoXix8QaGoTQiz1QpTy4NxBEyGRtGNFsVG"
"trade-4","quoteAsset","usdc"
"trade-4","explorerUrl","https://solscan.io/tx/3gPuYSGtnFWT6YSkMaqnk4YUKpWq6XcTkRGPUxdBhqvdxWvec5fL4ymoXix8QaGoTQiz1QpTy4NxBEyGRtGNFsVG"
"trade-5","id","c14fb1cf-363d-426c-8914-a21e601396e4"
"trade-5","marketId","9ArgG5SQf9T6QbVWEjNwpBpNkdPjNWNTNB15nkdivv15"
"trade-5","wallet","61tCsNHfX4eXhpPqKR6Rsr4SXc5v4oWByMD7LD542Ppk"
"trade-5","isPrimary","true"
"trade-5","yesAmount","42060691"
"trade-5","noAmount","0"
"trade-5","feePaid","0"
"trade-5","blockTime","2026-10-07T17:59:42.000Z"
"trade-5","signature","zH3FRErkcFRy2nqsQnfinHXpby8w8W5K6yfnbLTCD3QxVkGh6vCqrGrmCY6EW3VY5ZEi5QsPXUCSBGFJdofNZjZ"
"trade-5","quoteAsset","usdc"
"trade-5","explorerUrl","https://solscan.io/tx/zH3FRErkcFRy2nqsQnfinHXpby8w8W5K6yfnbLTCD3QxVkGh6vCqrGrmCY6EW3VY5ZEi5QsPXUCSBGFJdofNZjZ"
"trade-6","id","d4e8020c-3845-4a6d-b322-fa2b289dc0f6"
"trade-6","marketId","9ArgG5SQf9T6QbVWEjNwpBpNkdPjNWNTNB15nkdivv15"
"trade-6","wallet","Gq6tk9XZP7npmRDjiJ1gWgDj9h67c7g47wLcoN9ZMx4K"
"trade-6","isPrimary","true"
"trade-6","yesAmount","0"
"trade-6","noAmount","14249196"
"trade-6","feePaid","0"
"trade-6","blockTime","2026-10-07T17:35:47.000Z"
"trade-6","signature","5puDYLNjuXtRENxparH33hfVAL8yDT4MRmkzdCshDwE8ZPJNTWtSt62uhAQwL2MGySBbVUY6zWP3hEhar2woTpXi"
"trade-6","quoteAsset","usdc"
"trade-6","explorerUrl","https://solscan.io/tx/5puDYLNjuXtRENxparH33hfVAL8yDT4MRmkzdCshDwE8ZPJNTWtSt62uhAQwL2MGySBbVUY6zWP3hEhar2woTpXi"
"trade-7","id","bf9b388e-7b7d-4e5f-9b39-f3e210148347"
"trade-7","marketId","9ArgG5SQf9T6QbVWEjNwpBpNkdPjNWNTNB15nkdivv15"
"trade-7","wallet","BZvaJBkAHjtiE4tGVDFDRAxyAADbvqNqjUsb51VezY1e"
"trade-7","isPrimary","true"
"trade-7","yesAmount","0"
"trade-7","noAmount","5953659"
"trade-7","feePaid","0"
"trade-7","blockTime","2026-10-07T17:33:36.000Z"
"trade-7","signature","5CFpTi3RcqmYrRtGvCVy4aN51E6MiM7rbto9mURz1DmBP8yqjwC2VqF7zhhrNrP67HRrUmVW1qBsnMTgjBZ7zYyo"
"trade-7","quoteAsset","usdc"
"trade-7","explorerUrl","https://solscan.io/tx/5CFpTi3RcqmYrRtGvCVy4aN51E6MiM7rbto9mURz1DmBP8yqjwC2VqF7zhhrNrP67HRrUmVW1qBsnMTgjBZ7zYyo"
"trade-8","id","f0e597f2-5718-4c4b-ba8c-05ccaa6d8d06"
"trade-8","marketId","9ArgG5SQf9T6QbVWEjNwpBpNkdPjNWNTNB15nkdivv15"
"trade-8","wallet","BZozDtVnXNrS5UjttuhUV8spP4iUjYPv9SCWYa6DQR3i"
"trade-8","isPrimary","true"
"trade-8","yesAmount","34063037"
"trade-8","noAmount","0"
"trade-8","feePaid","0"
"trade-8","blockTime","2026-10-07T17:25:43.000Z"
"trade-8","signature","27zxmDeaAYU4Qu5oKyS63uSKmPvwDRXaqtJ1shFrt2xPKGQHTfEm7cpUPDvTduQp7gxRoY5Dso1ABsMG9LEToCbR"
"trade-8","quoteAsset","usdc"
"trade-8","explorerUrl","https://solscan.io/tx/27zxmDeaAYU4Qu5oKyS63uSKmPvwDRXaqtJ1shFrt2xPKGQHTfEm7cpUPDvTduQp7gxRoY5Dso1ABsMG9LEToCbR"
"trade-9","id","97541c3d-175f-4a29-89f9-94a714f40450"
"trade-9","marketId","9ArgG5SQf9T6QbVWEjNwpBpNkdPjNWNTNB15nkdivv15"
"trade-9","wallet","93XVsSbCs54z63dK2kTvLbvvkSaCquudFpxKPufXocX5"
"trade-9","isPrimary","true"
"trade-9","yesAmount","37393670"
"trade-9","noAmount","0"
"trade-9","feePaid","0"
"trade-9","blockTime","2026-10-07T17:06:21.000Z"
"trade-9","signature","4pMfDLN2ZFkDp1Kx2TaygNN3THhLWvx7L4M4ifw18cCFFZKwHVwfLQVd4GdVaHta88WtV4WHZDucttKvNtu2JwE2"
"trade-9","quoteAsset","usdc"
"trade-9","explorerUrl","https://solscan.io/tx/4pMfDLN2ZFkDp1Kx2TaygNN3THhLWvx7L4M4ifw18cCFFZKwHVwfLQVd4GdVaHta88WtV4WHZDucttKvNtu2JwE2"
"trade-10","id","d6bf2cbe-2ce3-4b20-8d27-c18c0114ec7c"
"trade-10","marketId","9ArgG5SQf9T6QbVWEjNwpBpNkdPjNWNTNB15nkdivv15"
"trade-10","wallet","HLhCStQY2HiXuQED4QLkYYMzbeTXBEmbdqcH423Qtzzn"
"trade-10","isPrimary","true"
"trade-10","yesAmount","0"
"trade-10","noAmount","35709085"
"trade-10","feePaid","0"
"trade-10","blockTime","2026-10-07T17:01:04.000Z"
"trade-10","signature","5qeqhtDHBRq3Ao2JF5Kv65VtYdnhM86KGF8Cx3nKecwmVCnsXxSjLiTywuaAwX6Akooi7TL2A6E1RQynvz7jYjEw"
"trade-10","quoteAsset","usdc"
"trade-10","explorerUrl","https://solscan.io/tx/5qeqhtDHBRq3Ao2JF5Kv65VtYdnhM86KGF8Cx3nKecwmVCnsXxSjLiTywuaAwX6Akooi7TL2A6E1RQynvz7jYjEw"
"trade-11","id","f35710a3-fc3b-40eb-b715-f2aa401a3bd9"
"trade-11","marketId","9ArgG5SQf9T6QbVWEjNwpBpNkdPjNWNTNB15nkdivv15"
"trade-11","wallet","FGZArsrmq5axuSmP2pE2BWzDoiGLRyYsvK7dAkpVuYsW"
"trade-11","isPrimary","true"
"trade-11","yesAmount","0"
"trade-11","noAmount","26923987"
"trade-11","feePaid","0"
"trade-11","blockTime","2026-10-07T16:53:45.000Z"
"trade-11","signature","3qqhYRBhWeyGGLZNp25gtkWuFP4EMHDQjGUmxigUuimpjmMgeXeHtaB9LaQioqQJYEHtMLLrNgfyRXy7t2k14t4Q"
"trade-11","quoteAsset","usdc"
"trade-11","explorerUrl","https://solscan.io/tx/3qqhYRBhWeyGGLZNp25gtkWuFP4EMHDQjGUmxigUuimpjmMgeXeHtaB9LaQioqQJYEHtMLLrNgfyRXy7t2k14t4Q"
"trade-12","id","a94b2166-1e84-4dae-bfad-7e7a4ba6c30d"
"trade-12","marketId","9ArgG5SQf9T6QbVWEjNwpBpNkdPjNWNTNB15nkdivv15"
"trade-12","wallet","D3bNwoPuBnUvrZCytMWSopZJbNdMMFfQpehFS5EF3TVy"
"trade-12","isPrimary","true"
"trade-12","yesAmount","0"
"trade-12","noAmount","19982493"
"trade-12","feePaid","0"
"trade-12","blockTime","2026-10-07T16:50:34.000Z"
"trade-12","signature","5X486N8Fc5yiL7Y7EXRBWNRYwC6P32VMKTVfQMh5F9dE46meybude6He23JLLohMe7DrYdpGmMyuAc8j21zi3suw"
"trade-12","quoteAsset","usdc"
"trade-12","explorerUrl","https://solscan.io/tx/5X486N8Fc5yiL7Y7EXRBWNRYwC6P32VMKTVfQMh5F9dE46meybude6He23JLLohMe7DrYdpGmMyuAc8j21zi3suw"
"trade-13","id","d5735039-c7f3-4701-af53-2469d02474c6"
"trade-13","marketId","9ArgG5SQf9T6QbVWEjNwpBpNkdPjNWNTNB15nkdivv15"
"trade-13","wallet","CVSrFc4VwZdiVyv581gTowi35NiUZyGyaqrFngT4du1j"
"trade-13","isPrimary","true"
"trade-13","yesAmount","20018131"
"trade-13","noAmount","0"
"trade-13","feePaid","0"
"trade-13","blockTime","2026-10-07T16:38:57.000Z"
"trade-13","signature","5YQv6s7XqndmPYCAEA4UPHcDCzJYtjisQ1PpRW48pCNgesBqWjUVdWeywYiy5q9nJ6QicXxWKwu3EF2r8jJ2t9dK"
"trade-13","quoteAsset","usdc"
"trade-13","explorerUrl","https://solscan.io/tx/5YQv6s7XqndmPYCAEA4UPHcDCzJYtjisQ1PpRW48pCNgesBqWjUVdWeywYiy5q9nJ6QicXxWKwu3EF2r8jJ2t9dK"
"trade-14","id","0ddfda95-3974-4aab-8647-07e6ff2eec40"
"trade-14","marketId","9ArgG5SQf9T6QbVWEjNwpBpNkdPjNWNTNB15nkdivv15"
"trade-14","wallet","4ab2tdTbWTEvyynkk7DQVHAMdc8VXPhUkpJottiY7vVy"
"trade-14","isPrimary","true"
"trade-14","yesAmount","0"
"trade-14","noAmount","30229867"
"trade-14","feePaid","0"
"trade-14","blockTime","2026-10-07T16:36:10.000Z"
"trade-14","signature","SGLzaGwosU54aDA5b2gsnhg89Se7RQHwPEVCz1QQuJS5JiJtjDdhrZxEimG5HeXUFkDUGTaLNFUBhhzp1S4M4Ex"
"trade-14","quoteAsset","usdc"
"trade-14","explorerUrl","https://solscan.io/tx/SGLzaGwosU54aDA5b2gsnhg89Se7RQHwPEVCz1QQuJS5JiJtjDdhrZxEimG5HeXUFkDUGTaLNFUBhhzp1S4M4Ex"
"trade-15","id","5ecab398-fdec-4f69-ac2f-d10a944ba8f7"
"trade-15","marketId","9ArgG5SQf9T6QbVWEjNwpBpNkdPjNWNTNB15nkdivv15"
"trade-15","wallet","54BYCQnFq8QtfHgCju7sYqYKSMnD8eKWYfxnKYGgeBdL"
"trade-15","isPrimary","true"
"trade-15","yesAmount","19677335"
"trade-15","noAmount","0"
"trade-15","feePaid","0"
"trade-15","blockTime","2026-10-07T16:24:45.000Z"
"trade-15","signature","2vSjcHT4URJnDVNbfiEpGs2Bo8MSUq22Ju4JGHwpB8AVauQAVfxHHPMbekXp4iT2G2HbpLS2z34vfsLXdSeAPvn1"
"trade-15","quoteAsset","usdc"
"trade-15","explorerUrl","https://solscan.io/tx/2vSjcHT4URJnDVNbfiEpGs2Bo8MSUq22Ju4JGHwpB8AVauQAVfxHHPMbekXp4iT2G2HbpLS2z34vfsLXdSeAPvn1"
